2019-12-04T00:23:14,2019-12-04,00:23:14,971b4963
2019-12-04T00:23:19,2019-12-04,00:23:19,971b4963
2019-12-04T00:27:40,2019-12-04,00:27:40,971b4963
2019-12-04T00:28:40,2019-12-04,00:28:40,971b4963
2019-12-04T00:32:02,2019-12-04,00:32:02,971b4963
2019-12-04T00:32:15,2019-12-04,00:32:15,971b4963
2019-12-04T00:32:28,2019-12-04,00:32:28,971b4963
2019-12-04T00:33:40,2019-12-04,00:33:40,971b4963
2019-12-04T00:37:44,2019-12-04,00:37:44,971b4963
2019-12-04T00:38:06,2019-12-04,00:38:06,971b4963
2019-12-04T08:45:29,2019-12-04,08:45:29,1a6a6bbf
2019-12-04T16:28:47,2019-12-04,16:28:47,1a6a6bbf
2019-12-04T16:28:56,2019-12-04,16:28:56,c2beb450
2019-12-04T16:34:35,2019-12-04,16:34:35,1a6a6bbf
2019-12-04T16:35:11,2019-12-04,16:35:11,1a6a6bbf
2019-12-04T16:35:59,2019-12-04,16:35:59,c2beb450
